,z,x,z
0,1.4947695051639969,1.3750879749700997,0.0
1,1.7259194533804656,1.463985740144526,0.0
2,1.5544504271963435,1.385982774695609,0.0
3,1.4103407990969554,1.4347240075007026,0.0
4,1.4067209250396102,1.5191357542960942,0.0
5,1.7217149227033877,1.3890128973803835,0.0
6,1.4514081111459503,1.3305468558051916,0.0
7,1.591534110405078,1.342990322778232,0.0
8,1.3311450329536294,1.3419326209328577,0.0
9,1.5587862521895839,1.289448325405601,0.0
10,1.3490877285425233,1.4849992900509945,0.0
11,1.6300708141128986,1.3033402259960294,0.0
12,1.5889243166394793,1.3439567917758617,0.0
13,1.3391132460891524,1.327060096345566,0.0
14,1.1768657951936965,1.424378376428595,0.0
15,1.4193879523696808,1.398018794316588,0.0
16,1.283712972979647,1.3440952861805315,0.0
17,1.5557914964444206,1.4788752980962478,0.0
18,1.692186220086757,1.2924833651629606,0.0
19,1.5886800519037223,1.2697686136955606,0.0
20,1.6201128149483137,1.1319524817588533,0.0
21,1.4765860903597157,1.2727618553531337,0.0
22,1.557677663625534,1.515229604810431,0.0
23,1.6711219126917078,1.4247662477162013,0.0
24,1.6640312454710795,1.3398703266793557,0.0
25,1.2285199089797993,1.2568161885885116,0.0
26,1.3145231918984654,1.5048651771018275,0.0
27,1.3467970323534835,1.4206797297813618,0.0
28,1.6025026955901192,1.357080059601767,0.0
29,1.3262331623241574,1.4903334952103418,0.0
30,1.3780690239750544,1.3094818479355586,0.0
31,1.4790527750456803,1.388347965598458,0.0
32,1.6624889938064447,1.315609428868795,0.0
33,1.4590421931028204,1.4319364471443665,0.0
34,1.4138520864912847,1.3247507053859957,0.0
35,1.5345435729868078,1.4863864518874668,0.0
36,1.3783670460675337,1.27377669388945,0.0
37,1.4495745063878984,1.4250196170173832,0.0
38,1.2749607228802269,1.3399865732004368,0.0
39,1.4757470375581094,1.326523018539967,0.0
40,1.3991299873007603,1.2434679977272323,0.0
41,1.379573880829181,1.2455883649424586,0.0
42,1.6429226345198333,1.5076619314492408,0.0
43,1.5070686694386166,1.4538419570458443,0.0
44,1.2599207644561532,1.4427661081785763,0.0
45,1.760425781517171,1.4660881686306002,0.0
46,1.7043643332253624,1.434973364836763,0.0
47,1.6490586354052459,1.3724343737505884,0.0
48,1.5694686792606878,1.552083574323614,0.0
49,-1.9302417506234664,1.555641860251232,0.0
50,1.3374503279724936,1.2949571787611687,0.0
51,1.6006870085657927,1.3381292765404522,0.0
52,1.5059160229472202,1.4065832521933817,0.0
53,1.0823108840070037,1.4449336686842575,0.0
54,1.4241029777448557,1.3059197423196194,0.0
55,1.4004582819876477,1.2647202190846145,0.0
56,1.5650518509247544,1.4842372699539563,0.0
57,1.6499023696296617,1.34173628063918,0.0
58,1.5230375516839096,1.353095848754356,0.0
59,1.4978303046272259,1.3052536693369468,0.0
60,1.4904744201554583,1.4034168004317191,0.0
61,1.3402452044919002,1.392250121521298,0.0
62,1.3841828366490798,1.4158874971865074,0.0
63,1.2883051387108013,1.5199471724733373,0.0
64,1.8088870917255364,1.3264050943716472,0.0
65,1.555709820463502,1.35262758744765,0.0
66,1.3114284484875094,1.505039509132428,0.0
67,1.4604903602772714,1.2768053992390678,0.0
68,1.6637376236504782,1.3724589715615687,0.0
69,1.2758907909364272,1.3455565585636773,0.0
70,1.375850212361974,1.397278940584692,0.0
71,1.499267555286242,1.3519729567264318,0.0
72,1.3786806927807373,1.4751563714616056,0.0
73,1.4371026638204931,1.3968310684075855,0.0
74,1.1630632955559794,1.542187202442898,0.0
75,1.7023085384745342,1.367101862526342,0.0
76,1.470570727170965,1.36484684702355,0.0
77,1.4325427930091255,1.4087664454887932,0.0
78,1.3189658236205277,1.42445712066548,0.0
79,-1.5442113296594233,1.5193192916251514,0.0
80,1.58801225676416,1.3700441528254004,0.0
81,1.4780349348368573,1.5120513774569937,0.0
82,1.0909131799795548,1.2612291212194662,0.0
83,1.4755547894271295,1.4228437703238594,0.0
84,1.4029370806337427,1.4067913373771888,0.0
85,1.2286903473688429,1.394034732227706,0.0
86,-1.5939297020467322,1.5476795831138637,0.0
87,1.6192077336715098,1.345679396898978,0.0
88,1.2875360628288577,1.3332152394970334,0.0
89,1.5559432862939866,1.4944435944680692,0.0
90,1.4958102728962446,1.2410473354257685,0.0
91,1.427023040446208,1.3979217572806406,0.0
92,1.44470685306628,1.353682326285623,0.0
93,1.560626747217981,1.3495457812117146,0.0
94,1.3194634470198188,1.2705054824139022,0.0
95,1.4534144949205419,1.3195547576408502,0.0
96,1.2313504558100647,1.4960768326924714,0.0
97,1.42882517869304,1.5149654959548144,0.0
98,1.3004489472562812,1.386686252542044,0.0
99,1.5861622664844879,1.2795440620320362,0.0
100,1.4481178912252863,1.352398369306714,0.0
101,1.4335577476182289,1.3411051738841646,0.0
102,1.3800785911438083,1.4262543345502414,0.0
103,1.48661546664736,1.246316631401846,0.0
104,1.3898246358680186,1.3913719241348736,0.0
105,1.3240435486331639,1.3619083259973177,0.0
106,1.6550588780847244,1.3515958665420214,0.0
107,1.5752149220422844,1.4173747807509829,0.0
108,1.3451057062735432,1.3811319806137023,0.0
109,1.5824278123290094,1.4018825751566546,0.0
110,1.3524735895845252,1.448651461129443,0.0
111,1.4598777545752564,1.3962096322636952,0.0
112,1.2748265067296465,1.3904977677785644,0.0
113,1.3387272357420577,1.2187837805474062,0.0
114,1.441285187615185,1.4168766484959672,0.0
115,1.303081579867394,1.3571061517255667,0.0
116,1.4257556467406318,1.3745589623385346,0.0
117,1.4773150578585634,1.4807418200337845,0.0
118,1.4882599425306873,1.424557703639706,0.0
119,1.5621507961764216,1.3998680319508159,0.0
120,1.3946769379355606,1.5109471533406786,0.0
121,1.5620458616167598,1.4615205610346678,0.0
122,1.1996873096358072,1.3865141914969972,0.0
123,1.5424189102743944,1.3913460486668001,0.0
124,1.2883999366998924,1.5464342446436323,0.0
125,1.6645498326953012,1.2233213367762366,0.0
126,1.4566546393686537,1.3675378177750852,0.0
127,-1.6987603582657373,1.5273336963809647,0.0
128,1.4349370089880795,1.5322200015775187,0.0
129,1.370667237033107,1.3656899876886182,0.0
130,1.4627926467774681,1.4800808286800005,0.0
131,1.5419841781521102,1.3263563083590568,0.0
132,1.3624846739259215,1.5009917575824745,0.0
133,2.018181643884428,1.2850352644760177,0.0
134,1.508104714326567,1.4541117898710458,0.0
135,1.3071225292873363,1.34467672035513,0.0
136,1.2469320690963592,1.2939558855525664,0.0
137,1.380155246722879,1.3664507470254001,0.0
138,1.3643803572954003,1.2677084440344242,0.0
139,1.4940033731246147,1.5682575334864877,0.0
140,1.2824063341893868,1.3985724539461226,0.0
141,1.468169224211576,1.412663423043468,0.0
142,1.365319447446558,1.4206651319013253,0.0
143,1.5331371222727075,1.327076120135112,0.0
144,1.6212998681974484,1.288452108394024,0.0
145,-1.8435280831822285,1.5595055472049875,0.0
146,1.470863890660792,1.473980651448298,0.0
147,1.4764332287671083,1.4338431073031617,0.0
148,1.1940926829973764,1.5294651517845765,0.0
149,1.3136713280060115,1.4890370155499364,0.0
150,1.1633543162547326,1.3256213442145914,0.0
151,1.4540432347117116,1.4982995147038847,0.0
152,1.3519769182042944,1.4919669064843066,0.0
153,1.5630484105314548,1.4482777560414424,0.0
154,1.53811144878361,1.5631433698388275,0.0
155,1.2478970727869338,1.4214645487419106,0.0
156,1.6313210577315977,1.5129230979045447,0.0
157,1.3921032987419326,1.3032456315767003,0.0
158,1.3901444893722101,1.3820869569328382,0.0
159,1.4221612390517429,1.4395346423532513,0.0
160,1.5002367947700554,1.503167249246084,0.0
161,1.4334111907178249,1.4730859808803456,0.0
162,-1.7041091667847807,1.5311860308612122,0.0
163,1.3868164276378259,1.373031092720752,0.0
164,1.5311107991293,1.3140938713023262,0.0
165,1.115037328372043,1.3917093156539386,0.0
166,1.5867544097068529,1.491157147658011,0.0
167,1.2044590759560871,1.3177620433442554,0.0
168,1.3669985331233758,1.502217081068389,0.0
169,1.5184340363304865,1.4146918015125498,0.0
170,1.2962471303255645,1.3510733420557755,0.0
171,1.4643694627127328,1.30181617020714,0.0
172,1.4100374474208057,1.4259431202041697,0.0
173,1.1253274825945256,1.3681415691191883,0.0
174,1.5627264985874307,1.3514940362219203,0.0
175,1.438277683618154,1.3994860916483953,0.0
176,1.3355732638281714,1.4956758040889004,0.0
177,1.5916818208226802,1.301734003857792,0.0
178,1.8333754588130653,1.316899004471134,0.0
179,1.3402484696433072,1.4122250060629502,0.0
180,1.4778192973833615,1.4267655327865167,0.0
181,1.357360241875215,1.4640717457004007,0.0
182,1.3436214004292644,1.249876268640047,0.0
183,1.5967145392307638,1.512952447134017,0.0
184,1.39238649213826,1.469055479743768,0.0
185,1.51869590442111,1.3141600130723332,0.0
186,1.7006610606141461,1.5567294322319594,0.0
187,1.6106862729491762,1.3081170194258473,0.0
188,1.7219801101766408,1.418704811740702,0.0
189,1.4164515284030008,1.4124862668033684,0.0
190,1.8187214959137736,1.5012655332244098,0.0
191,2.1197339095904915,1.532445214863712,0.0
192,-0.9225774994659778,1.5538087015212039,0.0
193,2.1957388912874887,1.5130327307368066,0.0
194,2.0599324242023167,1.4557259239583684,0.0
195,2.1883119107063633,1.469206501747545,0.0
196,-1.0128057541705247,1.4842808533168208,0.0
197,-0.9744941625068447,1.4930078482139237,0.0
198,2.189397683719159,1.5030687941198313,0.0
199,-1.2052831350351518,1.5631011751471104,0.0
200,2.0981258464312917,1.4276345557440622,0.0
201,-1.268939149358305,1.5551272156330271,0.0
202,-0.9882939590173996,1.5477655417898522,0.0
203,2.191977144293502,1.553154581301836,0.0
204,2.1159044863593266,1.4352511796080625,0.0
205,2.1551318812907043,1.5327195240340965,0.0
206,2.0804292330468135,1.4422079602873656,0.0
207,2.1907680026166343,1.4361925942672318,0.0
208,2.010398755253298,1.4901895135169958,0.0
209,2.121300714604548,1.5509336716350166,0.0
210,-0.9875004200529489,1.5061008446050033,0.0
211,2.1262692464354584,1.518844014835507,0.0
212,-1.0327297558676238,1.48699479768505,0.0
213,2.2120398540217217,1.5301736500469136,0.0
214,2.0504820258862404,1.5251957893613481,0.0
215,-0.9475247482769061,1.5440025029553721,0.0
216,2.1655104318703033,1.5515949055392544,0.0
217,2.1656491945991583,1.5135411918884156,0.0
218,1.9377073280367687,1.5256569360481762,0.0
219,2.107121990114767,1.5353783011418092,0.0
220,1.9960546289128624,1.4092317591787495,0.0
221,-1.0622200607499963,1.5519203078411663,0.0
222,2.088634172616378,1.4779417871139748,0.0
223,-1.1644707117884918,1.566525029681925,0.0
224,-1.1663948307877767,1.5403026471467673,0.0
225,2.184269417283456,1.5568062326372356,0.0
226,1.9910087907463736,1.567540141131122,0.0
227,1.856142844351303,1.4215257628664966,0.0
228,-0.9218386879504455,1.5021165039733353,0.0
229,1.9197252730602303,1.5297299347960376,0.0
230,-0.9008143989013607,1.5460094007659049,0.0
231,-1.154197082448916,1.5591014299838506,0.0
232,2.0804279915514803,1.4474601828128155,0.0
233,-1.0883187649834698,1.4919995182134274,0.0
234,2.0318602154866845,1.5262074152931098,0.0
235,2.1931131522330123,1.5144364635495735,0.0
236,2.0787634106096,1.522052842464194,0.0
237,2.0848567007158945,1.5294602065753053,0.0
238,2.1332844352125226,1.501694054727331,0.0
239,2.132521688716597,1.4373414995666318,0.0
240,2.017150640001017,1.4971380514220003,0.0
241,-0.9481609987226157,1.5369520526542286,0.0
242,1.9947675763339485,1.5658464214985315,0.0
243,2.1552801060314826,1.480771640013547,0.0
244,2.1507364922047234,1.519951322089304,0.0
245,2.1374458294806353,1.383811899987916,0.0
246,-1.0090576704198375,1.5337820048179915,0.0
247,2.207094444639973,1.480511378312163,0.0
248,1.8343683426394253,1.5601616071517803,0.0
249,2.1390501107231374,1.5050741170434818,0.0
250,2.185004419898493,1.4648147046027964,0.0
251,-0.994829208503376,1.4429296454129514,0.0
252,2.128965384329736,1.4898115073875033,0.0
253,-0.9636261439749101,1.5222649250058193,0.0
254,2.036209181287193,1.5581743534699157,0.0
255,2.020670838352889,1.4819669934460242,0.0
256,1.9145060102921274,1.4194749507386781,0.0
257,-1.2269455012026826,1.5246774113049018,0.0
258,2.2136780245921366,1.4763473033592547,0.0
259,2.176049192884583,1.556598576640985,0.0
260,2.0159522056112085,1.4199390607613072,0.0
261,2.0173153333172493,1.5423104184646124,0.0
262,2.112650757211715,1.4468211861070097,0.0
263,2.171327813662254,1.531467359309563,0.0
264,2.004403205962886,1.422885483665043,0.0
265,2.222959207001253,1.4352038161331635,0.0
266,2.1484199509360185,1.483045361438051,0.0
267,-1.0050521866032807,1.3596861914227092,0.0
268,1.9911248504377679,1.505450092932508,0.0
269,2.1642064948954047,1.4883071537915582,0.0
270,-0.8942765744047709,1.5037948165212853,0.0
271,1.8585776294882506,1.4823149641945976,0.0
272,2.0748113063325713,1.5612678504162127,0.0
273,-0.9934384940187393,1.5041319811190539,0.0
274,1.9143891793474634,1.4934719947807642,0.0
275,2.1729582156608065,1.4524229333364622,0.0
276,2.163021688338424,1.378804289779817,0.0
277,2.1362075154997084,1.4967121515158548,0.0
278,1.8597063529941678,1.4899364684332563,0.0
279,2.155274713291394,1.4187053216678347,0.0
280,2.2510023581503873,1.4736816525746024,0.0
281,2.1254702928442506,1.5368480330583738,0.0
282,-1.0487123028148428,1.496365139492009,0.0
283,-1.0377526881148642,1.5691933468939965,0.0
284,2.0591101565334884,1.431048000036423,0.0
285,2.0209540969330395,1.53163578525882,0.0
286,-1.0205444490427875,1.5699249136156745,0.0
287,2.2740066572115105,1.5528281064831373,0.0
288,2.203098350390822,1.3794754348441092,0.0
289,2.126844944118968,1.4880835212992942,0.0
290,-1.0556049525441404,1.5101258147709324,0.0
291,2.2017150839452393,1.4766278506291048,0.0
292,2.040081207651733,1.5061052166625037,0.0
293,2.1512938287924204,1.5445178196687044,0.0
294,-1.1143875022737877,1.5135945029617506,0.0
295,2.1024817104508173,1.4455575907093856,0.0
296,2.0468051278749386,1.4664086280424662,0.0
297,-0.9770143639984251,1.5632480077958149,0.0
298,1.992871564837916,1.4989117395433265,0.0
299,2.145726131127833,1.5660893539676035,0.0
300,2.093741929928254,1.4971075611129088,0.0
301,-0.9969069623512283,1.5482760875647614,0.0
302,-1.0074548891668782,1.5103181196340743,0.0
303,2.04168205236681,1.440886906697184,0.0
304,2.141838129146607,1.4835511157322436,0.0
305,2.194212418590296,1.4526474244772452,0.0
306,2.202225518339353,1.4919966836553749,0.0
307,1.9954356821904784,1.550327057035009,0.0
308,2.1128258612332633,1.5117840502498388,0.0
309,-1.11167779400484,1.5518640012924052,0.0
310,-1.0256112847141436,1.5174896210153106,0.0
311,2.17920371315944,1.4348048777356244,0.0
312,2.020335732608789,1.5030880967763993,0.0
313,-1.197105806608647,1.552236279700401,0.0
314,2.217806689187329,1.4513448258279775,0.0
315,-0.947699580940967,1.4915480043519982,0.0
316,-0.9272511823771199,1.44520194394387,0.0
317,1.9197201958003307,1.469570285163874,0.0
318,2.20571388095125,1.476056488982284,0.0
319,2.106478677614095,1.4146314753641254,0.0
320,1.937236462816431,1.512703095959742,0.0
321,2.204141955749706,1.5446633703862596,0.0
322,2.2397219855928165,1.520274728819051,0.0
323,2.0527916427093906,1.4933218569545437,0.0
324,2.0539245464206877,1.38587565283512,0.0
325,2.161194568207401,1.5534585508847312,0.0
326,1.9728919390683475,1.5030437777020056,0.0
327,1.8574845372788262,1.4873386759420157,0.0
328,1.960874431395377,1.4269712297172807,0.0
329,2.0072293720162695,1.5074146891903388,0.0
330,2.0384872039685957,1.4080020575253267,0.0
331,2.214937112631503,1.5389000526787593,0.0
332,2.1892228784539,1.494224330718561,0.0
333,-1.142280803160043,1.4895672194843332,0.0
334,2.140738361450074,1.4471236980015507,0.0
335,1.9405997192401223,1.3096065469208225,0.0
336,2.219144402004776,1.3363272340753527,0.0
337,2.101052360291902,1.5425560614888374,0.0
338,-0.9669046843272001,1.5510086761501458,0.0
339,2.188433181266448,1.3781214017689378,0.0
340,2.5919948515987654,0.7936297613249433,0.0
341,2.51810899970669,0.759794886941894,0.0
342,2.3844645294958027,0.8306604526457304,0.0
343,2.4864161296605176,0.8142697464076855,0.0
344,2.540341345255494,0.822350150944646,0.0
345,2.291678176639399,0.7958200696341746,0.0
346,2.370997412863586,0.7282424107348892,0.0
347,2.673019321950281,0.8000240956773789,0.0
348,2.8977030189512045,0.6887970530367229,0.0
349,2.4913387833167677,0.5859662408102285,0.0
350,2.7674322115916894,0.5824808659628987,0.0
351,2.4156624954736943,0.7564774574121079,0.0
352,2.3353685266807345,0.8051511176673488,0.0
353,2.511928539052861,0.85249759842012,0.0
354,2.7077217229828348,0.8104969985775701,0.0
355,2.404364945687002,0.8210890849314179,0.0
356,2.396891689797871,0.649142846739826,0.0
357,2.508428637042368,0.7732089773460676,0.0
358,2.4696749142369403,0.7106387650996717,0.0
359,2.478231620831999,0.8087783493149637,0.0
360,2.535272852921601,0.8617187246568172,0.0
361,2.721740726218108,0.8466429756604488,0.0
362,2.7642702036524494,0.8186138476812891,0.0
363,2.6360847938059746,0.8008517413067867,0.0
364,2.678424909123224,0.7988801573117855,0.0
365,2.4791301246607613,0.7588835079586541,0.0
366,2.608055688962918,0.8477044860875185,0.0
367,2.73763829406052,0.7481145217584343,0.0
368,2.6419828547226554,0.750761458558092,0.0
369,2.390225679557674,0.7601121836992744,0.0
370,2.7187753033596946,0.7029662642554534,0.0
371,2.5760649950577417,0.740931174290867,0.0
372,2.6202607600143146,0.7715504223213348,0.0
373,2.597057414128967,0.9473983084461363,0.0
374,2.8740042102925787,0.8733071919778039,0.0
375,2.425966305208123,0.846239323770986,0.0
376,2.6647036723942295,0.6572677979348718,0.0
377,2.614713149894779,0.7866869716798529,0.0
378,2.175578249846506,0.8720604416785926,0.0
379,2.5770324233970547,0.7812284815580598,0.0
380,2.360258559178818,0.7821797633445132,0.0
381,2.559367284598566,0.7613158501665537,0.0
382,2.434101425338509,0.8251609164611853,0.0
383,2.437466827667772,0.8378995616361068,0.0
384,2.607683845909267,0.7047095439923933,0.0
385,2.4457468020904978,0.9883370290730827,0.0
386,2.7224229436110092,0.8735602849781146,0.0
387,2.3619545595857527,0.6939213591192993,0.0
388,2.3334228423110126,0.7598791981528804,0.0
389,2.2991286166573093,0.7853696825312726,0.0
390,2.595816960680304,0.6400697797536521,0.0
391,2.6337556757976577,0.7101981482382979,0.0
392,2.5815828335796716,0.6700644196228894,0.0
393,2.8442140226790813,0.6925826249451347,0.0
394,2.588005902544959,0.958898294774589,0.0
395,2.4650720593541453,0.7795119994031585,0.0
396,2.619795414037311,0.8079483217457655,0.0
397,2.6386374311461664,0.8273203386496456,0.0
398,2.8167125570638554,0.9049458318530008,0.0
399,2.6756911170962416,0.7977196443589625,0.0
400,2.494004689016008,0.7750900146241846,0.0
401,2.459263314229654,0.813683762772592,0.0
402,2.56595483773378,0.6102860582223665,0.0
403,2.508241512539262,0.9148568210915616,0.0
404,2.6804523136328897,0.7796339473076709,0.0
405,2.209783125510904,0.9793635930893864,0.0
406,2.5456470691205357,0.7942138378600105,0.0
407,2.685499731490684,0.5407108936476593,0.0
408,2.408748376315841,0.7206116722495283,0.0
409,2.3933973181521795,0.8571283718980037,0.0
410,2.589375558158592,0.8407351884509384,0.0
411,2.7960508391278984,0.8545737902547063,0.0
412,2.5577761216367265,0.8183860397175243,0.0
413,2.3412112454504985,0.8334880403851809,0.0
414,2.4981857756261365,0.6597780349294382,0.0
415,2.293778444447349,0.7930409350857108,0.0
416,2.5368050074230526,0.9468295398565069,0.0
417,2.691779181443977,0.827605973269549,0.0
418,2.314278837110591,0.7786245579368596,0.0
419,2.677536119588493,0.6426340025090858,0.0
420,2.652508248393486,0.7513510829104357,0.0
421,2.9069262203897086,0.9005632649484661,0.0
422,2.478795690835078,0.7245060733882571,0.0
423,2.7252475174967765,0.7277134796697816,0.0
424,2.528725020806647,0.6856824280253123,0.0
425,2.5282252929257893,0.8257640510111143,0.0
426,2.310057725894564,0.6112458184944487,0.0
427,2.6501499598479623,0.7895778384226819,0.0
428,2.83067658141678,0.6499326405936526,0.0
429,2.906016044204856,0.9972881738400234,0.0
430,2.8988375434559326,0.8003329435779557,0.0
431,2.649993353779256,0.7171733938625964,0.0
432,2.8300134539489337,0.819659215020869,0.0
433,2.3617817063129687,0.6702597749028066,0.0
434,2.4165382045291435,0.701037274562071,0.0
435,2.69608969675941,0.5834637567231498,0.0
436,2.712318513789075,0.9161138209187332,0.0
437,2.611904545797141,0.9318433438649993,0.0
438,2.701230229211405,0.7489438258152059,0.0
439,2.6779276590394114,0.8692693339532884,0.0
440,2.5170369639244674,0.7975614700120778,0.0
441,2.5555594434193645,0.8856949898379556,0.0
442,2.769347756530234,0.7596786096648416,0.0
443,2.3687850870789044,0.7744850971966551,0.0
444,2.3561007637333162,0.7571953383826855,0.0
445,2.558416944009619,0.7355502869020226,0.0
446,2.847989547847321,0.6751750407501098,0.0
447,2.394621053121321,0.7285146376171079,0.0
448,2.677962405984915,0.7882554570677994,0.0
449,2.5222942946368483,0.6857861716613212,0.0
450,-2.9430436383557406,0.8223496947976892,0.0
451,-2.83056406898342,0.7492260242305628,0.0
452,-2.7685387487907347,0.8844020683850035,0.0
453,-2.6723367553751713,0.9508374296804727,0.0
454,-2.8019710352007396,0.8957535622682767,0.0
455,-3.021620393795564,0.8699784120508604,0.0
456,-2.8085151789554827,0.877438444715145,0.0
457,-2.8019964311244596,0.8621909844874698,0.0
458,-2.763470995841798,0.878964618929308,0.0
459,-2.7897735314343954,0.8866016642780559,0.0
460,-2.6758415961173143,0.785404903006525,0.0
461,-2.732358543819807,0.8023991041273721,0.0
462,-2.9027952085745024,0.8330672571626522,0.0
463,-2.667504604913573,1.0090920638605747,0.0
464,-2.9480720073646003,0.7811347367366287,0.0
465,-2.728443500193278,0.8708158314999608,0.0
466,-3.087993301028814,0.7975382959397831,0.0
467,-2.7943410478598767,0.9153599443401559,0.0
468,-2.798730939922176,0.9001537697733074,0.0
469,-2.857175439440856,0.8589425927369542,0.0
470,-2.8860044571496037,0.7023946272414955,0.0
471,-2.453228040489882,0.8489072696169543,0.0
472,-2.67530534993056,0.9316441534546659,0.0
473,-2.8641619005153705,0.8062163673751459,0.0
474,-2.8840228612955765,0.9159243376531493,0.0
475,-3.0169647628656655,0.9325798030785722,0.0
476,-2.852797477767432,0.8635607688032575,0.0
477,-2.832294979231264,0.8045847183594497,0.0
478,-2.719652198498835,0.8823581410050046,0.0
479,-2.821200025294287,0.8970105637440483,0.0
480,3.082374512576771,0.8754715661082845,0.0
481,-2.8060633416790686,1.0695872257778332,0.0
482,-2.9187347708471756,0.9178664871269396,0.0
483,-2.7903999573079172,0.8782170288850666,0.0
484,-2.7570597229283784,0.8529806604369029,0.0
485,-2.6727454651095894,0.8703941906306442,0.0
486,-2.8867345600736103,0.9534786735291338,0.0
487,-2.665580592449775,0.9159656762946674,0.0
488,-2.7820497329055165,0.6997547544060478,0.0
489,-2.9957223266360558,0.8929471322020064,0.0
490,-2.6982370241390985,0.8621469008611378,0.0
491,-2.876740119113166,0.9763731390606601,0.0
492,-2.7871518077119823,0.8119506656901988,0.0
493,-2.748270505001219,0.8475972669532159,0.0
494,-3.0265099737265007,0.9623068720242335,0.0
495,-2.7050824465172085,0.7384633176393621,0.0
496,-2.56116303759582,0.8193692748139335,0.0
497,-2.7582184919522277,0.9111859910968328,0.0
498,-2.9696176243427126,0.9421982208328878,0.0
499,-2.7188984458561065,0.7288097457527029,0.0
500,-2.749715152645204,1.0150551888278763,0.0
501,-2.8156490464355315,0.7725699643074385,0.0
502,-2.8298379416758475,0.8043397220787561,0.0
503,-2.7269253316026205,0.9017421946565973,0.0
504,-2.574418585973281,0.8104494564753763,0.0
505,-3.000275285575395,0.717811796442847,0.0
506,-2.744904110248644,0.8424011040392557,0.0
507,-2.6495160098601565,0.8359875714731748,0.0
508,-3.028134747793376,0.8716789372209766,0.0
509,-2.843337296852011,0.8838216891261099,0.0
510,0.8790162706364615,1.3632763711546323,0.0
511,-2.26932642934071,1.555125755562657,0.0
512,-2.3243928300583487,1.395037838649354,0.0
513,-2.1229720195580786,1.500912682197784,0.0
514,-2.3510487849974764,1.4214201566608127,0.0
515,-2.1113185619309807,1.494204928010314,0.0
516,-2.300346646080233,1.5084378438881816,0.0
517,1.0532692513821658,1.537865793385887,0.0
518,-2.1816441410799223,1.5103978754986946,0.0
519,-2.368907040058776,1.450111341781932,0.0
520,-2.119132724999772,1.5358249676781672,0.0
521,-2.2267445101483254,1.4146796989638426,0.0
522,-2.6526028556258616,1.3659521373634316,0.0
523,-2.337994337412465,1.4864868247388623,0.0
524,-2.3952062526936926,1.4076128608372143,0.0
525,-2.1689955980325477,1.3547306293391908,0.0
526,-2.2144100502219466,1.1946259611199215,0.0
527,0.8498170139963477,1.5342903778375572,0.0
528,0.7998643581852628,1.4497954618689368,0.0
529,-2.202244606721284,1.4431900379208644,0.0
530,0.9225026886664415,1.4889932802293018,0.0
531,1.048866125913769,1.4631677146467976,0.0
532,-2.580718151681853,1.3924728364790118,0.0
533,0.5499382534298245,1.424483246541744,0.0
534,0.8870429750479366,1.5205298632617994,0.0
535,-2.435555099747244,1.4936304634019764,0.0
536,0.7737729357581614,1.4806053032580888,0.0
537,-2.3780086686124977,1.54570802502108,0.0
538,0.685842332490004,1.5375307924678645,0.0
539,-2.4066437292805016,1.4510940686329157,0.0
540,0.8640609802595295,1.4905654394859502,0.0
541,-2.473454983995282,1.5514232801765546,0.0
542,-2.084835852301923,1.4095693514324097,0.0
543,0.6707762290001856,1.5258713609817667,0.0
544,0.6548188784925635,1.3787192425280723,0.0
545,-2.113531764219551,1.425402314341855,0.0
546,-2.122218361235495,1.5481606096996268,0.0
547,-2.149017103898232,1.4497633825154317,0.0
548,-2.1808948549165654,1.4642998477056726,0.0
549,-2.4039140578482208,1.465246353649097,0.0
550,-2.2587120403402006,1.4818479003920721,0.0
551,-2.1119290484130913,1.204428136359697,0.0
552,0.9907319386478644,1.5428309187789324,0.0
553,-2.225671953249636,1.5317264655472946,0.0
554,0.8479603482219795,1.4017948989545896,0.0
555,-2.4243847037335415,1.2346802667335375,0.0
556,-2.6683606748856157,1.27919284638349,0.0
557,-2.183025615994235,1.3040112729420792,0.0
558,1.0150258041179796,1.5431998419652204,0.0
559,1.0001855471252596,1.5240334728281426,0.0
560,-2.3044147569643534,1.3616191070432944,0.0
561,0.9397919012758319,1.4772097654414416,0.0
562,-2.2399866411787164,1.39078588226295,0.0
563,-2.2400059899558986,1.4929276151104391,0.0
564,-2.4348150776118374,1.370064722631592,0.0
565,0.8821506871255201,1.541947059991631,0.0
566,1.0371125227451103,1.5331555446982699,0.0
567,0.9908249084121078,1.4276761868660135,0.0
568,-2.208942004470053,1.4585508572711006,0.0
569,-2.2321580991983554,1.5470724529049578,0.0
570,0.8747964622014377,1.5352563855920713,0.0
571,0.9473679010014011,1.4442309619621394,0.0
572,1.02936881665932,1.5682808525029246,0.0
573,0.8812638275636927,1.545433949297652,0.0
574,-2.2545243391483965,1.516311505556259,0.0
575,-2.278182117368142,1.4220962325341417,0.0
576,-2.1555874513354496,1.3667468936560188,0.0
577,-2.1697238075141456,1.4442652886952336,0.0
578,-2.2710515510123956,1.5137057782722454,0.0
579,0.897108433834944,1.4980231135473416,0.0
580,1.0428247342872428,1.5587050854764717,0.0
581,-2.2324343622464005,1.3953863513124267,0.0
582,-2.352258284570604,1.526854122615982,0.0
583,-2.3368953249920787,1.3678575474926808,0.0
584,-2.354675479954461,1.307886784134847,0.0
585,-2.259516611215254,1.418065592887555,0.0
586,-2.2165339189683744,1.4862677480135842,0.0
587,-2.2555422325228385,1.436897814828503,0.0
588,-2.1303805565538987,1.3793052687922411,0.0
589,-2.259759016731593,1.3115196722608649,0.0
590,0.9782007888906106,1.4280901900896865,0.0
591,0.762487435128065,1.5344553550095135,0.0
592,0.9673932719979488,1.494883792884192,0.0
593,-2.4765866156143628,1.3323571795657687,0.0
594,-2.097561002207076,1.4749798263252267,0.0
595,-2.266739075798106,1.3111381921415148,0.0
596,0.8071983662731099,1.4544767590108985,0.0
597,0.7452629760171703,1.5473556803074828,0.0
598,-2.3788563406314127,1.4813794503349478,0.0
599,0.8513168147980302,1.4919013644594907,0.0
600,-2.3308108007033512,1.5425066759579964,0.0
601,0.7825262954529932,1.554934671967595,0.0
602,-2.304296968127474,1.50215384280998,0.0
603,-2.4548183042947054,1.338706900899556,0.0
604,-2.1360569735451262,1.2671951695994217,0.0
605,-2.242118769698429,1.5041940172822212,0.0
606,-2.624976132603983,1.5048044207095659,0.0
607,0.9875436933495088,1.3882057781927513,0.0
608,-2.2647948630781753,1.4370509909152458,0.0
609,-2.432340763044966,1.211908594581569,0.0
610,-2.2687538286839777,1.3724979823772643,0.0
611,-2.2078247875613144,1.3849856127111009,0.0
612,0.9464348432275729,1.4941753729720846,0.0
613,0.9726756925859996,1.4293807080927343,0.0
614,-2.2238202294952876,1.5103503827242717,0.0
615,-2.418430207338754,1.4333530529568672,0.0
616,1.0329064000470622,1.556128288521178,0.0
617,-2.1722574272213464,1.4189107857213499,0.0
618,-2.3866001207180974,1.5077353217793024,0.0
619,-2.2155212083904763,1.5706071167866462,0.0
620,-2.1609029143350087,1.526432772285556,0.0
621,-2.21219026662002,1.3791529497764212,0.0
622,-2.365492908934293,1.4685666925466139,0.0
623,1.02809579229749,1.4922112053537657,0.0
624,-2.159330065393588,1.4620541625588552,0.0
625,-2.280347327210662,1.4656426181582283,0.0
626,-2.268067103905131,1.2795257561767053,0.0
627,0.9832264133808264,1.5673475930222895,0.0
628,-2.14058772826694,1.5103227424952914,0.0
629,-2.1380592839786523,1.5312059666172877,0.0
630,-2.1606660770165416,1.5165975753449648,0.0
631,-2.279013548981795,1.5224775747820491,0.0
632,0.925810867286735,1.424471359801811,0.0
633,-2.217065292205173,1.4885428795711773,0.0
634,-2.151553075061205,1.4299162170426927,0.0
635,-2.518752203023206,1.5204913978580654,0.0
636,-2.476450242275825,1.4517164955395998,0.0
637,-2.2010683268926696,1.274554701195417,0.0
638,-2.2355860830033025,1.3204234444552463,0.0
639,-2.1994223388858796,1.4657808879427792,0.0
640,-2.217509146547263,1.3916245009441628,0.0
641,-2.2376710757283567,1.4720272990276726,0.0
642,-2.1895219940939183,1.4261731503540176,0.0
643,-2.406455024801301,1.5660959872029165,0.0
644,-2.27419199015082,1.476003325242813,0.0
645,-2.6565895302821345,1.4823200682023014,0.0
646,-2.2768496525415616,1.3677244111305495,0.0
647,-2.33342346665139,1.45075704125941,0.0
648,-2.122397333836399,1.2373105499006356,0.0
649,-2.1748748338484774,1.3560771342413,0.0
650,-2.1774680386021217,1.4148122916893224,0.0
651,1.0310897862787898,1.3838013593709644,0.0
652,-2.293552400866933,1.4353491748976128,0.0
653,-2.17692382429024,1.387692317699017,0.0
654,-2.3024477287832052,1.4615697218462578,0.0
655,-2.338587939682628,1.5448009791442743,0.0
656,0.6424964621488535,1.4394564207725917,0.0
657,-2.156339180041776,1.4770464061690534,0.0
658,0.8410818854702098,1.50862634903958,0.0
659,0.9944784135164946,1.4544402450865417,0.0
660,-2.1146509396594118,1.4395315319204323,0.0
661,0.8714297837811934,1.5538244215254673,0.0
662,-2.200467462669713,1.5493249980103132,0.0
663,1.0487969741810796,1.5127766476071327,0.0
664,-2.199398796456536,1.4737565224439189,0.0
665,0.9780145293472413,1.5655552360267808,0.0
666,-2.133647515212831,1.542796903028096,0.0
667,0.896322424310246,1.5336999878017077,0.0
668,-2.227839122076377,1.4557025272662398,0.0
669,1.0043525815358423,1.5430569251837056,0.0
670,-2.1131510128662545,1.142826811787952,0.0
671,-2.47275127059883,1.4673526372236028,0.0
672,-2.4489005308391976,1.2454817488681877,0.0
673,-2.485866454728309,1.4640847136821935,0.0
674,-2.492988293909603,1.4290231743426853,0.0
675,0.9673393900226237,1.5361769016608706,0.0
676,-2.1770654450831124,1.3519967430677509,0.0
677,0.8489780529985758,1.5408735830682723,0.0
678,-2.33441407296098,1.3419529521307911,0.0
679,-2.3521190760780453,1.4772308607673714,0.0
680,-2.316202853797642,1.5675571828175998,0.0
681,-2.2012373226503987,1.4517854008891637,0.0
682,-2.5278227177998867,1.4379766739393571,0.0
683,0.9326868510963011,1.470446368838018,0.0
684,0.9365247132166166,1.5007784866900016,0.0
685,0.9529335297262189,1.5406245619181822,0.0
686,-2.543603694413451,1.5203761538125184,0.0
687,-2.3717420226998374,1.366357666591351,0.0
688,-2.1105275625084716,1.4430259482836665,0.0
689,-2.134310166299774,1.5532130454922812,0.0
690,-1.646545140737554,1.4322204635218403,0.0
691,-1.6178605175951566,1.2502205166693074,0.0
692,-1.5454401218732736,1.299172998736712,0.0
693,-1.7894428811994871,1.254797605149042,0.0
694,-1.7124427531885866,1.2697927285318031,0.0
695,-1.6735279483034173,1.3303285142372103,0.0
696,-1.47688355191914,1.3621594820189724,0.0
697,-1.5853356754717585,1.2993139159408047,0.0
698,-1.7349083770336364,1.2328988019002871,0.0
699,-1.7807085239230338,1.3351306540603274,0.0
700,-1.6165773583285061,1.235568884614513,0.0
701,-1.6726724034454385,1.2236278204006958,0.0
702,-1.6950865991202424,1.3620126815061941,0.0
703,-1.7250018096070046,1.3086005849795113,0.0
704,-1.7004998427985936,1.2683554988628183,0.0
705,-1.6544223814419994,1.2968932241560962,0.0
706,-1.5139304980517496,1.2053692467791435,0.0
707,-1.6523707972800274,1.3251816816143012,0.0
708,-1.7018411024765332,1.3516318509735648,0.0
709,-1.6635278384358234,1.3080957650879934,0.0
710,-1.5332245195231924,1.421407585096126,0.0
711,-1.4518570199678396,1.3153007920931925,0.0
712,-1.5980140800308702,1.227927559122601,0.0
713,-1.7416088188777625,1.2507669822441967,0.0
714,-1.7446982765703087,1.3498150546558996,0.0
715,-1.579044905879898,1.3264350347936897,0.0
716,-1.5761334620395513,1.4442132292967182,0.0
717,-1.678547898433121,1.2952515513773157,0.0
718,-1.6315827274127994,1.2057134890078527,0.0
719,-1.5314684861897156,1.3431638594388529,0.0
720,-1.5967269259935029,1.2595725866672614,0.0
721,-1.6700410519586362,1.2985426124240567,0.0
722,-1.7757783384960242,1.3376353511459333,0.0
723,-1.695545116029818,1.3282127725289272,0.0
724,-1.62529611572709,1.3498413419943556,0.0
725,-1.5896719185508899,1.2598333000011572,0.0
726,-1.5857931802991516,1.300761590444997,0.0
727,-1.564110587369813,1.3667545464440463,0.0
728,-1.636366790988401,1.251272172046351,0.0
729,-1.71931033967328,1.5275384443907745,0.0
730,-1.7658793556884362,1.28083886708399,0.0
731,-1.660993639811209,1.414324878777995,0.0
732,-1.7279279869125992,1.3542879015890616,0.0
733,-1.6188084036333097,1.3225942799136692,0.0
734,-1.756738552425069,1.213272991575026,0.0
735,-1.6354602884392435,1.279956091145165,0.0
736,-1.6829316688179141,1.2910614385669392,0.0
737,-1.6596478701989315,1.3025037921667888,0.0
738,-1.7425209173224785,1.1936483707854983,0.0
739,-1.6862882990171741,1.2239991420141503,0.0
740,-1.6778263479567601,1.330160095467337,0.0
741,-1.6844468450475134,1.3344001695615906,0.0
742,-1.6619651474600092,1.3253139282196196,0.0
743,-1.7309970554174747,1.441061103020756,0.0
744,-1.6242314014602555,1.289817459749914,0.0
745,-1.5973198732154856,1.27987345005198,0.0
746,-1.5934420817618558,1.3350527721358156,0.0
747,-1.5750799933648703,1.2450853810515952,0.0
748,-1.6229767545746212,1.3867415706301476,0.0
749,-1.6002311459104688,1.3565149105700327,0.0
750,-1.777670997606973,1.162498780020464,0.0
751,-1.7157420947294837,1.3274772567048418,0.0
752,-1.5746960745121623,1.3455032834449925,0.0
753,-1.7562298769414098,1.3319076960015666,0.0
754,-1.56486598643596,1.4111061845246755,0.0
755,-1.8176144823396954,1.303571055948381,0.0
756,-1.8538092878856667,1.2390898285247522,0.0
757,-1.5221251973048455,1.4040262110114285,0.0
758,-1.9726500816470243,1.237020265782201,0.0
759,-1.7895609929523977,1.2281753388602636,0.0
760,-1.7099975658357363,1.258334075836189,0.0
761,-1.5726612630306296,1.3816284065248303,0.0
762,-1.6775307343927957,1.2101764564775648,0.0
763,-1.4422107026834248,1.3184192934518408,0.0
764,-1.697828386100784,1.2713316805103636,0.0
765,-1.6139702756934364,1.3356417662812636,0.0
766,-1.604940144719068,1.2520422307512118,0.0
767,-1.6727900205445796,1.2918668670928741,0.0
768,-1.462014078293943,1.3368072404183926,0.0
769,-1.7593856889566981,1.3242362861299177,0.0
770,-1.669202299533022,1.356109768968522,0.0
771,-1.6304711283441116,1.315782759750249,0.0
772,-1.5670762589820557,1.2668418724226465,0.0
773,-1.7563790884647894,1.3585670566863373,0.0
774,-1.6116056006473578,1.2449471602225617,0.0
775,-1.398590408468776,1.3072393324402203,0.0
776,-1.6042009857123276,1.1959162983600513,0.0
777,-1.7034187770316056,1.2750146901960449,0.0
778,-1.6599856783154598,1.3708988687060197,0.0
779,-1.7643359039383013,1.2711143987692708,0.0
780,-1.540417577563421,1.3362066775902552,0.0
781,-1.797355940399773,1.2552538064924659,0.0
782,-1.586267115457286,1.2458231973798148,0.0
783,-1.6981051227653678,1.2113363825066399,0.0
784,-1.7049724775647397,1.1784368518519395,0.0
785,-1.6488728169471047,1.379334151960422,0.0
786,-1.7170237535038624,1.2271498979638404,0.0
787,-1.6689955788788515,1.2256386740596041,0.0
788,-1.7243882195233955,1.3323364995043778,0.0
789,-1.6170544760164713,1.3275124096505775,0.0
790,-1.7439338873184982,1.2048990815737692,0.0
791,-1.6270385828043914,1.292504238333796,0.0
792,-1.6629959895201962,1.444616975952867,0.0
793,-1.6554742929604223,1.379082964742712,0.0
794,-1.622999376713451,1.3274705823742734,0.0
795,-1.6387859100666635,1.2321061323506641,0.0
796,-1.735911424555978,1.3391816915153072,0.0
797,-1.69339216562258,1.299204657832199,0.0
798,-1.7494578159027754,1.2626080451607793,0.0
799,-1.6848991561832538,1.1843359574011931,0.0
800,-1.5769965958706493,1.243360378122718,0.0
801,-1.5947105530699084,1.3436252720462174,0.0
802,-1.5612322197897195,1.1765999358433024,0.0
803,-1.4284063490646066,1.2952725458737495,0.0
804,-1.6279577146673339,1.2004031322680095,0.0
805,-1.6097008930334067,1.3232972852142364,0.0
806,-1.6269950687836456,1.3689304180214619,0.0
807,-1.7060751687314337,1.2751658671918404,0.0
808,-1.6975536926783115,1.4176759517701307,0.0
809,-1.59818628333628,1.380046526955006,0.0
